{
  "Customers": [
    {
      "CustomerId": 1,
      "Name": "Aarav Sharma",
      "Email": "aarav.sharma@example.com"
    },
    {
      "CustomerId": 2,
      "Name": "Sofia Ramirez",
      "Email": "sofia.ramirez@example.com"
    }
  ],
  "Products": [
    {
      "ProductId": 2,
      "CustomerId": 2,
      "ProductName": "Tim Hortons Coffee Pack",
      "Price": 10.9
    },
    {
      "ProductId": 3,
      "CustomerId": 1,
      "ProductName": "Cake",
      "Price": 401
    },
    {
      "ProductId": 4,
      "CustomerId": 0,
      "ProductName": "WD",
      "Price": 44
    },
    {
      "ProductId": 5,
      "CustomerId": 0,
      "ProductName": "uy",
      "Price": 99
    },
    {
      "ProductId": 8,
      "CustomerId": 2,
      "ProductName": "WD",
      "Price": 88
    },
    {
      "ProductId": 9,
      "CustomerId": 2,
      "ProductName": "WD",
      "Price": 88
    },
    {
      "ProductId": 10,
      "CustomerId": 2,
      "ProductName": "jk",
      "Price": 88
    },
    {
      "ProductId": 11,
      "CustomerId": 2,
      "ProductName": "jk",
      "Price": 88
    },
    {
      "ProductId": 12,
      "CustomerId": 2,
      "ProductName": "ui",
      "Price": 9
    },
    {
      "ProductId": 13,
      "CustomerId": 2,
      "ProductName": "ui",
      "Price": 9
    },
    {
      "ProductId": 14,
      "CustomerId": 2,
      "ProductName": "rr",
      "Price": 4
    },
    {
      "ProductId": 15,
      "CustomerId": 2,
      "ProductName": "rr",
      "Price": 4
    },
    {
      "ProductId": 17,
      "CustomerId": 1,
      "ProductName": "afeeeeeeeeee",
      "Price": 444
    },
    {
      "ProductId": 18,
      "CustomerId": 1,
      "ProductName": "deepa",
      "Price": 330.9
    }
  ]
}